{
    "plugins": [
        "mobi.monaca.plugins.Monaca"
    ],
    "framework_version": "3.5",
    "xcode_version": "6",
    "cordova_version": "5.2",
    "plugin_settings": [],
    "external_plugins": [
        "cordova-plugin-whitelist@1.0.0",
        "cordova-plugin-splashscreen@2.1.0"
    ],
    "title-ja": "",
    "title-en": "NFC Example",
    "description-ja": "",
    "description-en": "",
    "category": "User Template",
    "platform": [
        "android"
    ],
    "name": "generated-1477975684-56c6a1157e21933158dcb6e7"
}